{"D4:E3:66:0D:55:3A": [0.0237340087890625, -0.0070316162109375, 0.98761474609375], "DC:C6:A4:98:2A:E1": [0.0107855224609375, -0.00904052734375, 0.9936217041015625]}